image,nom,prenom,email,genre,telephone,action
img2.png,Gueye,Oumar,oumar@example.com,M,778888888,
img3.png,Diallo,Aminata,aminata@example.com,F,779999999,1
img4.png,Ndiaye,Modou,modou@example.com,M,770000000,
img5.png,Sow,Fatou,fatou@example.com,F,771111111,1
img6.png,Camara,Mamadou,mamadou@example.com,M,772222222,
img7.png,Diagne,Aïssatou,aissatou@example.com,F,773333333,1
img8.png,Diop,Souleymane,souleymane@example.com,M,774444444,
img9.png,Sylla,Aïcha,aicha@example.com,F,775555555,
img10.png,Drame,Moussa,moussa@example.com,M,776666666,1
img11.png,Fall,Amy,amy@example.com,F,777777777,
