id,matricule,nom,prenom,telephone,referenciel,duree,date,status
1,P7_DEVDAT_2024_129,Sow,Fatou,771234567,DEV_WEB,05:30,2024-04-01,present
2,P8_DEVDAT_2024_130,Ba,Mamadou,778765432,DATA,07:15,2024-04-02,present
3,P9_DEVDAT_2024_131,Diallo,Aïssatou,776543210,DEV_WEB,06:00,2024-04-03,absent
4,P10_DEVDAT_2024_132,Kane,Modou,770987654,DATA,05:45,2024-04-04,present
5,P11_DEVDAT_2024_133,Thiam,Aïcha,779876543,DATA,06:30,2024-04-05,absent
6,P11_DEVDAT_2024_133,Thiam,Aïcha,779876543,DEV_WEB,06:30,2024-04-06,absent
7,P11_DEVDAT_2024_138,Thiam,Aïcha,779876543,AWS,06:30,2024-04-07,present
8,P11_DEVDAT_2024_193,Thiam,Aïcha,779876543,AWS,06:30,2024-04-08,absent
9,P11_DEVDAT_2024_135,Thiam,Aïcha,779876543,HACK,06:30,2024-04-09,present
10,P11_DEVDAT_2024_113,Ndiaye,Modou,779876543,DATA,06:30,2024-04-10,present
11,P11_DEVDAT_2024_134,Gning,Omar,779876543,HACK,06:30,2024-04-11,absent
12,P11_DEVDAT_2024_123,Dieng,Assane,779876543,DATA,06:30,2024-04-12,absent
13,P11_DEVDAT_2024_183,Diop,Modou,779876543,DATA,06:30,2024-04-13,absent
14,P11_DEVDAT_2024_193,Diagne,Issa,779876543,DATA,06:30,2024-04-14,present
15,P11_DEVDAT_2024_173,Fall,Amy,779876543,DATA,08:30,2024-04-15,absent
16,P6_DEVDAT_2024_173,Ndiaye,Mdou,779876543,DATA,08:30,2024-04-16,absent
17,P11_DEVDAT_2024_125,Ndour,Awa,779876543,DATA,06:30,2024-04-17,absent
18,P11_DEVDAT_2024_823,Diouf,Aliou,779876543,DATA,06:30,2024-04-18,present
19,P11_DEVDAT_2024_193,Thiare,Marie,779876543,DATA,08:30,2024-04-19,absent
20,P11_DEVDAT_2024_126,Gning,Seynabou,779876543,DATA,06:30,2024-04-20,present
