id_referentiel,image,nom,statut,id_promotion
1,../public/images/téléchargement.jpeg,"Dev Web/mobile",Active,1
2,../public/images/téléchargement.jpeg,"Référence Digital",Active,3
3,../public/images/téléchargement.jpeg,AWS,Active,5
4,../public/images/téléchargement.jpeg,"Référence Digital",Active,4
5,../public/images/téléchargement.jpeg,"Dev data",Active,2
6,../public/images/téléchargement.jpeg,Hackeuse,Active,6
7,../public/images/téléchargement.jpeg,AWS,Active,5
8,../public/images/téléchargement.jpeg,Hackeuse,Active,5
